email,subject,message
cs2v@gmail.com,CSV2 as database,Testing csv2 as a database
test_user1@gmail.com,Tesing email form,This is a test run
test_user1@gmail.com,Tesing email form,This is a test run
test_user1@gmail.com,Tesing email form,This is a test run
test_user1@gmail.com,Tesing email form,This is a test run
test_user1@gmail.com,Tesing email form,This is a test run
test_user1@gmail.com,Tesing email form,This is a test run
test_user1@gmail.com,Tesing email form,This is a test run
test_user1@gmail.com,Tesing email form,This is a test run
test_user1@gmail.com,Tesing email form,This is a test run
